resource,logical_sources,script,cells,bbox,dest_map,dest_x,dest_y,player_x,player_y,facing,script_facing_tests
0,2[season!=3 (Spring/Summer/Fall)],165,6,"93,11,94,13",9,120,208,120,208,1,1
1,2[season==3 (Winter)],165,6,"93,11,94,13",9,120,208,120,208,1,1
4,5[season!=3 (Spring/Summer/Fall)],370,8,"152,16,155,17",12,184,320,184,320,1,1
4,5[season!=3 (Spring/Summer/Fall)],371,8,"48,17,51,18",14,120,208,120,208,1,1
4,5[season!=3 (Spring/Summer/Fall)],372,8,"84,17,87,18",15,144,320,144,320,1,1
4,5[season!=3 (Spring/Summer/Fall)],373,8,"105,17,108,18",19,184,320,184,320,1,1
4,5[season!=3 (Spring/Summer/Fall)],374,8,"77,58,80,59",21,184,320,184,320,1,1
4,5[season!=3 (Spring/Summer/Fall)],375,8,"23,17,26,18",26,120,208,120,208,1,1
4,5[season!=3 (Spring/Summer/Fall)],376,6,"33,18,35,19",24,120,208,120,208,1,1
4,5[season!=3 (Spring/Summer/Fall)],377,8,"58,17,61,18",30,120,208,120,208,1,1
4,5[season!=3 (Spring/Summer/Fall)],378,8,"27,57,30,58",31,120,208,120,208,1,1
4,5[season!=3 (Spring/Summer/Fall)],380,6,"38,54,40,55",33,120,208,120,208,1,1
5,5[season==3 (Winter)],370,8,"152,16,155,17",12,184,320,184,320,1,1
5,5[season==3 (Winter)],371,8,"48,17,51,18",14,120,208,120,208,1,1
5,5[season==3 (Winter)],372,8,"84,17,87,18",15,144,320,144,320,1,1
5,5[season==3 (Winter)],373,8,"105,17,108,18",19,184,320,184,320,1,1
5,5[season==3 (Winter)],374,8,"77,58,80,59",21,184,320,184,320,1,1
5,5[season==3 (Winter)],375,8,"23,17,26,18",26,120,208,120,208,1,1
5,5[season==3 (Winter)],376,6,"33,18,35,19",24,120,208,120,208,1,1
5,5[season==3 (Winter)],377,8,"58,17,61,18",30,120,208,120,208,1,1
5,5[season==3 (Winter)],378,8,"27,57,30,58",31,120,208,120,208,1,1
5,5[season==3 (Winter)],380,6,"38,54,40,55",33,120,208,120,208,1,1
6,7[season!=3 (Spring/Summer/Fall)],521,6,"116,25,118,26",41,40,208,40,208,1,1
6,7[season!=3 (Spring/Summer/Fall)],523,10,"69,25,73,26",10,120,208,120,208,1,1
6,7[season!=3 (Spring/Summer/Fall)],528,8,"35,11,38,12",38,120,208,120,208,1,1
6,7[season!=3 (Spring/Summer/Fall)],530,8,"122,26,125,27",41,168,208,168,208,1,1
7,7[season==3 (Winter)],521,6,"116,25,118,26",41,40,208,40,208,1,1
7,7[season==3 (Winter)],523,10,"69,25,73,26",10,120,208,120,208,1,1
7,7[season==3 (Winter)],528,8,"35,11,38,12",38,120,208,120,208,1,1
7,7[season==3 (Winter)],530,8,"122,26,125,27",41,168,208,168,208,1,1
8,1[season!=3 (Spring/Summer/Fall)],105,6,"25,10,27,11",13,120,208,120,208,1,1
8,1[season!=3 (Spring/Summer/Fall)],108,6,"9,11,11,12",36,120,208,120,208,1,1
9,1[season==3 (Winter)],105,6,"25,10,27,11",13,120,208,120,208,1,1
9,1[season==3 (Winter)],108,6,"9,11,11,12",36,120,208,120,208,1,1
10,4[season!=3 (Spring/Summer/Fall)],362,6,"45,35,47,36",28,120,208,120,208,1,1
11,4[season==3 (Winter)],362,6,"45,35,47,36",28,120,208,120,208,1,1
12,3[season!=3 (Spring/Summer/Fall)],179,6,"75,27,77,28",40,120,208,120,208,1,1
13,3[season==3 (Winter)],179,6,"75,27,77,28",40,120,208,120,208,1,1
22,21[always],271,6,"10,4,12,5",22,92,320,92,320,1,1
25,15[always],205,6,"11,4,13,5",16,92,320,92,320,1,1
31,12[always],136,6,"37,4,39,5",4,252,368,252,368,1,1
