resource,logical_sources,script,cells,bbox,direct_dest_map,dest_x,dest_y,player_x,player_y,facing,indirect_via
0,2[season!=3 (Spring/Summer/Fall)],166,6,"30,87,35,87",3,168,24,168,24,0,
0,2[season!=3 (Spring/Summer/Fall)],172,22,"37,4,47,5",7,104,496,104,496,1,
1,2[season==3 (Winter)],166,6,"30,87,35,87",3,168,24,168,24,0,
1,2[season==3 (Winter)],172,22,"37,4,47,5",7,104,496,104,496,1,
2,6[season!=3 (Spring/Summer/Fall)],409,8,"58,14,59,17",1,24,280,24,280,3,
2,6[season!=3 (Spring/Summer/Fall)],410,10,"25,0,29,1",5,1260,680,1260,680,1,
2,6[season!=3 (Spring/Summer/Fall)],411,7,"24,55,30,55",7,1272,24,1272,24,0,
3,6[season==3 (Winter)],409,8,"58,14,59,17",1,24,280,24,280,3,
3,6[season==3 (Winter)],410,10,"25,0,29,1",5,1260,680,1260,680,1,
3,6[season==3 (Winter)],411,7,"24,55,30,55",7,1272,24,1272,24,0,
4,5[season!=3 (Spring/Summer/Fall)],142,6,"160,0,162,1",4,332,368,332,368,1,
4,5[season!=3 (Spring/Summer/Fall)],379,10,"155,86,159,87",6,220,24,220,24,0,
4,5[season!=3 (Spring/Summer/Fall)],381,12,"10,86,15,87",7,104,24,104,24,0,
5,5[season==3 (Winter)],142,6,"160,0,162,1",4,332,368,332,368,1,
5,5[season==3 (Winter)],379,10,"155,86,159,87",6,220,24,220,24,0,
5,5[season==3 (Winter)],381,12,"10,86,15,87",7,104,24,104,24,0,
6,7[season!=3 (Spring/Summer/Fall)],524,6,"10,63,15,63",2,340,56,340,56,0,
6,7[season!=3 (Spring/Summer/Fall)],525,5,"99,63,103,63",3,832,24,832,24,0,
6,7[season!=3 (Spring/Summer/Fall)],526,12,"10,0,15,1",5,104,680,104,680,1,
6,7[season!=3 (Spring/Summer/Fall)],527,12,"156,0,161,1",6,220,432,220,432,1,
7,7[season==3 (Winter)],524,6,"10,63,15,63",2,340,56,340,56,0,
7,7[season==3 (Winter)],525,5,"99,63,103,63",3,832,24,832,24,0,
7,7[season==3 (Winter)],526,12,"10,0,15,1",5,104,680,104,680,1,
7,7[season==3 (Winter)],527,12,"156,0,161,1",6,220,432,220,432,1,
8,1[season!=3 (Spring/Summer/Fall)],106,8,"0,33,1,36",6,456,128,456,128,2,
9,1[season==3 (Winter)],106,8,"0,33,1,36",6,456,128,456,128,2,
10,4[season!=3 (Spring/Summer/Fall)],360,10,"25,47,34,47",12,308,64,308,64,0,
10,4[season!=3 (Spring/Summer/Fall)],361,5,"39,47,43,47",5,1292,24,1292,24,0,
11,4[season==3 (Winter)],360,10,"25,47,34,47",12,308,64,308,64,0,
11,4[season==3 (Winter)],361,5,"39,47,43,47",5,1292,24,1292,24,0,
12,3[season!=3 (Spring/Summer/Fall)],175,8,"0,30,1,33",0,1176,510,1176,510,2,
12,3[season!=3 (Spring/Summer/Fall)],176,18,"0,52,1,60",0,1175,752,1175,752,2,
12,3[season!=3 (Spring/Summer/Fall)],177,10,"19,0,23,1",2,264,688,264,688,1,
12,3[season!=3 (Spring/Summer/Fall)],178,16,"100,0,107,1",7,812,496,812,496,1,
13,3[season==3 (Winter)],175,8,"0,30,1,33",0,1176,510,1176,510,2,
13,3[season==3 (Winter)],176,18,"0,52,1,60",0,1175,752,1175,752,2,
13,3[season==3 (Winter)],177,10,"19,0,23,1",2,264,688,264,688,1,
13,3[season==3 (Winter)],178,16,"100,0,107,1",7,812,496,812,496,1,
14,0[season!=3 (Spring/Summer/Fall)],88,12,"148,63,149,68",3,24,264,24,264,3,
14,0[season!=3 (Spring/Summer/Fall)],89,6,"111,41,113,42",52,120,192,120,192,1,
14,0[season!=3 (Spring/Summer/Fall)],90,16,"148,90,149,97",3,24,448,24,448,3,
14,0[season!=3 (Spring/Summer/Fall)],92,6,"52,53,53,55",308,120,192,120,192,1,
14,0[season!=3 (Spring/Summer/Fall)],93,14,"59,0,65,1",8,236,464,236,464,1,
15,0[season==3 (Winter)],88,12,"148,63,149,68",3,24,264,24,264,3,
15,0[season==3 (Winter)],89,6,"111,41,113,42",52,120,192,120,192,1,
15,0[season==3 (Winter)],90,16,"148,90,149,97",3,24,448,24,448,3,
15,0[season==3 (Winter)],92,6,"52,53,53,55",308,120,192,120,192,1,
15,0[season==3 (Winter)],93,14,"59,0,65,1",8,236,464,236,464,1,
16,8[season!=3 (Spring/Summer/Fall)];44[always];45[always];46[always],532,7,"26,59,32,59",0,500,20,500,20,0,
17,8[season==3 (Winter)];47[always],532,7,"26,59,32,59",0,500,20,500,20,0,
18,31[always],389,4,"13,27,16,27",5,232,488,232,488,0,
18,31[always],390,4,"25,14,28,14",32,216,64,216,64,1,
19,32[always],399,4,"25,9,28,9",31,216,136,216,136,0,
20,33[always],415,4,"13,27,16,27",5,316,464,316,464,0,
20,33[always],416,4,"13,11,16,11",34,120,152,120,152,0,
21,34[always],422,4,"13,16,16,16",33,120,80,120,80,1,
22,21[always],272,4,"3,9,6,9",23,40,248,40,248,1,
22,21[always],273,4,"21,41,24,41",5,632,496,632,496,0,
23,22[always],268,3,"10,41,12,41",21,92,64,92,64,0,
24,23[always],284,4,"3,32,6,32",21,40,96,40,96,0,
25,15[always],206,4,"16,41,19,41",5,688,168,688,168,0,
26,16[always],201,3,"10,41,12,41",15,100,64,100,64,0,
27,36[always],440,4,"13,27,16,27",1,84,120,84,120,0,
28,13[always],153,4,"13,27,16,27",1,212,120,212,120,0,
29,19[always],237,4,"1,16,4,16",20,24,64,24,64,1,
29,19[always],238,4,"21,41,24,41",5,856,168,856,168,0,
30,20[always],250,4,"1,9,4,9",19,24,152,24,152,0,
31,12[always],143,8,"19,41,26,41",5,1232,168,1232,168,0,
32,24[always],305,4,"25,18,28,18",25,216,96,216,96,1,
32,24[always],306,4,"13,27,16,27",5,276,176,276,176,0,
33,25[always],307,4,"25,13,28,13",24,216,168,216,168,0,
34,26[always],292,4,"25,15,28,15",27,216,88,216,88,1,
34,26[always],293,4,"13,27,16,27",5,200,168,200,168,0,
35,27[always],300,4,"25,12,28,12",26,216,144,216,144,0,
36,17[coop_upgrade==0],222,4,"13,27,16,27",2,144,520,144,520,0,
37,17[coop_upgrade==1],222,4,"13,27,16,27",2,144,520,144,520,0,
38,37[barn_upgrade==0],462,8,"19,35,26,35",2,504,120,504,120,0,
39,37[barn_upgrade==1],462,8,"19,35,26,35",2,504,120,504,120,0,
40,9[always],97,4,"13,27,16,27",2,752,122,752,122,0,
41,29[farmhouse_upgrade==0],358,4,"13,27,16,27",2,228,120,228,120,0,
42,29[farmhouse_upgrade==1],358,4,"28,27,31,27",2,228,120,228,120,0,
43,29[farmhouse_upgrade==2],358,4,"36,27,39,27",2,228,120,228,120,0,
44,10[always],123,4,"1,16,4,16",11,24,96,24,96,1,
44,10[always],124,4,"13,27,16,27",7,572,232,572,232,0,
45,11[always],134,4,"1,13,4,13",10,24,152,24,152,0,
46,41[always],559,4,"19,27,22,27",7,992,240,992,240,0,
46,41[always],560,4,"3,27,6,27",7,944,232,944,232,0,
46,41[always],561,4,"25,18,28,18",42,216,96,216,96,1,
47,42[always],568,4,"25,13,28,13",41,216,168,216,168,0,
48,38[always],519,4,"13,27,16,27",7,296,120,296,120,0,
49,40[always],550,4,"13,27,16,27",3,612,248,612,248,0,
50,30[always],338,4,"13,27,16,27",5,480,168,480,168,0,
51,14[always],188,4,"13,27,16,27",5,400,168,400,168,0,
52,28[always],329,4,"13,27,16,27",4,372,312,372,312,0,
53,18[always],228,4,"13,27,16,27",0,360,144,360,144,0,
54,35[always],430,4,"13,27,16,27",1,260,504,260,504,0,
55,39[always],541,4,"13,27,16,27",7,548,106,548,106,0,
56,52[always];308[always],339,4,"13,25,16,25",,,,,,,977
60,43[always],400,4,"13,19,16,19",317,160,24,120,32,0,
61,317[always],401,12,"13,0,16,2",43,120,144,120,144,1,
